[
  {
    "keyword": "근평,평정",
    "answerText": "근무평정 관련 자료입니다.\n원하는 항목을 선택해주세요.",
    "buttons": [
      {
        "label": "평정인원별 보기",
        "image": "leave1"
      },
      {
        "label": "등급비율 보기",
        "image": "leave2"
      }
    ]
  },
  {
    "keyword": "연가,휴가",
    "answerText": "연가 관련 정보입니다.\n보기 항목을 선택하세요.",
    "buttons": [
      {
        "label": "연가 발생 기준",
        "image": "education1"
      },
      {
        "label": "연가 사용 절차",
        "image": "education2"
      }
    ]
  }
]